Title,Artist,year
Hold My Hand,Don Cornell; Nat King Cole,1955
Rock Around the Clock,Bill Haley and His Comets,1955
Melody of Love,The Four Aces; Billy Vaughn,1955
Unchained Melody,Al Hibbler; Les Baxter,1955
I Need You Now,Eddie Fisher,1955
Stranger in Paradise,Tony Bennett,1955
Mr. Sandman,The Four Aces; The Chordettes,1955
"Let Me Go, Lover",Joan Weber; Teresa Brewer,1955
The Ballad of Davy Crockett,"""Tennessee"" Ernie Ford; Fess Parker",1955
Cherry Pink and Apple Blossom White,Les Baxter; Perez Prado,1955
The High and the Mighty,Victor Young; Les Baxter,1955
A Man Called Peter,Darryl Stewart,1955
"Softly, Softly",Ruby Murray,1955
Skokiaan,The Four Lads,1955
Love is a Many Splendored Thing,Nat King Cole; The Four Aces,1955
"Serenade (from ""The Student Prince"")",Mario Lanza,1955
The Naughty Lady of Shady Lane,Dean Martin; The Ames Brothers,1955
If I Give My Heart to You,Doris Day; Nat King Cole,1955
Learnin' the Blues,Frank Sinatra,1955
Something's Gotta Give,Sammy Davis Jr; The McGuire Sisters,1955
A Blossom Fell,Nat King Cole,1955
Papa Loves Mambo,Johnnie Ray; Perry Como,1955
Hajji Baba,Nat King Cole,1955
Humming Bird,Frankie Laine; Les Paul and Mary Ford,1955
I Talk to the Trees,David Hughes; Tony Fontane,1955
Just Walking in the Rain,Johnnie Ray,1956
"Whatever Will Be, Will Be (Que Sera Sera)",Doris Day,1956
The Yellow Rose of Texas,Mitch Miller,1956
Sixteen Tons,Tennessee Ernie Ford; Frankie Laine,1956
Memories Are Made of This,Dean Martin,1956
The Rock and Roll Waltz,Kay Starr,1956
Hot Diggity (Dog Ziggity Boom),Perry Como,1956
Mack the Knife,Louis Armstrong,1956
The Great Pretender,The Platters,1956
The Poor People of Paris,Les Baxter,1956
Portuguese Washerwomen,"Joe ""Fingers"" Carr",1956
He,Al Hibbler,1956
"Moonglow and Love Theme (from Picnic)"" (medley",Morris Stoloff,1956
It's Almost Tomorrow,Jo Stafford; The Dream Weavers,1956
A Sweet Old Fashioned Girl,Teresa Brewer,1956
Moments to Remember,The Four Lads,1956
Wayward Wind,Gogi Grant,1956
My Prayer,The Platters,1956
Ivory Tower,Cathy Carr,1956
Canadian Sunset,Hugo Winterhalter/Eddie Heywood; Andy Williams,1956
Allegheny Moon,Patti Page,1956
Suddenly There's a Valley,Jo Stafford,1956
A Woman in Love,Frankie Laine,1956
Walk Hand in Hand,Tony Martin; Andy Williams,1956
Hello Young Lovers,Perry Como,1956
Around the World,Bing Crosby; Nat King Cole,1957
Diana,Paul Anka,1957
Love Letters in the Sand,Pat Boone,1957
Round and Round,Perry Como; The Four Lads,1957
Singing the Blues,Guy Mitchell,1957
Hey There,Rosemary Clooney,1957
A White Sport Coat (and a Pink Carnation),Marty Robbins,1957
True Love,Bing Crosby & Grace Kelly,1957
Young Love,Tab Hunter; Sonny James,1957
Marianne,Terry Gilkyson and the Easy Riders,1957
Tammy,Debbie Reynolds; The Ames Brothers,1957
It's Not For Me to Say,Johnny Mathis,1957
"Cindy, Oh Cindy",Eddie Fisher,1957
Wonderful! Wonderful!,Johnny Mathis,1957
The Green Door,Jim Lowe,1957
Jamaica Farewell,Harry Belafonte,1957
You Don't Know Me,Jerry Vale,1957
Butterfly,Andy Williams,1957
That'll Be the Day,The Crickets,1957
In the Middle of an Island,Tony Bennett,1957
Friendly Persuasion (Thee I Love),Pat Boone,1957
Jailhouse Rock,Elvis Presley,1957
White Silver Sands,Don Rondo,1957
Hernando's Hideaway,Johnnie Ray,1957
Garden of Eden,Joe Valino,1957
Tom Dooley,The Kingston Trio,1958
Catch a Falling Star,Perry Como,1958
Volare (Nel Blu Dipinto Di Blu),Dean Martin; Domenico Modugno,1958
April Love,Pat Boone,1958
The Purple People Eater,Sheb Wooley,1958
Bird Dog,The Everly Brothers,1958
He's Got the Whole World in His Hands,Laurie London,1958
Twilight Time,The Platters,1958
The Twelfth of Never,Johnny Mathis,1958
A Pub with No Beer,Slim Dusty,1958
It's All in the Game,Tommy Edwards,1958
Patricia,Perez Prado,1958
When,The Kalin Twins,1958
Witch Doctor,The Music of David Seville,1958
Fascination,Nat King Cole,1958
Just Married,Marty Robbins,1958
Susie Darlin',Robin Luke,1958
Young and Warm and Wonderful,Tony Bennett,1958
Chances Are,Johnny Mathis,1958
Fever,Peggy Lee,1958
Peggy Sue,Buddy Holly,1958
A Certain Smile,Johnny Mathis,1958
Hard Headed Woman,Elvis Presley,1958
The Story of My Life,Marty Robbins,1958
Tequila,The Champs,1958
Smoke Gets in Your Eyes,The Platters,1959
Joey's Song,Bill Haley and His Comets,1959
A Fool Such as I,Elvis Presley,1959
The Battle of New Orleans,Johnny Horton,1959
Personality,Lloyd Price,1959
Oh Yeah Uh Huh,Col Joye and the Joy Boys,1959
The Three Bells,The Browns,1959
I'll Never Fall in Love Again,Johnnie Ray,1959
Venus,Frankie Avalon,1959
Mona Lisa,Conway Twitty,1959
Petite Fleur,Chris Barber's Jazz Band,1959
Bye Bye Baby (Goodbye),Col Joye and the Joy Boys,1959
Morgen (One More Sunrise),Ivo Robic,1959
Beep Beep,The Playmates,1959
Bimbombey,Jimmie Rodgers,1959
Shout,Johnny O'Keefe,1959
Gotta Travel On,Billy Grammer,1959
She Was Only Seventeen,Marty Robbins,1959
Rockin Rollin Clementine,Col Joye and the Joy Boys,1959
The Children's Marching Song (Nick Nack Paddy Whack),Cyril Stapleton; Mitch Miller,1959
Waterloo,Stonewall Jackson,1959
Mack the Knife,Bobby Darin,1959
Red River Rock,Johnny and the Hurricanes,1959
To Know Him is to Love Him,The Teddy Bears,1959
Pink Shoe Laces,Dodie Stevens,1959
It's Now or Never,Elvis Presley,1960
Boom Boom Baby,Crash Craddock,1960
He'll Have to Go,Jim Reeves,1960
"Are You Lonesome Tonight?"" / ""I Gotta Know",Elvis Presley,1960
Clap Your Hands,The Beau Marks,1960
Just a Closer Walk with Thee,Jimmie Rodgers,1960
Save the Last Dance for Me,The Drifters,1960
Tie Me Kangaroo Down Sport,Rolf Harris,1960
What Do You Want to Make Those Eyes at Me For?,Emile Ford and The Checkmates,1960
My Old Man's a Dustman,Lonnie Donegan,1960
North to Alaska,Johnny Horton,1960
Everybody's Somebody's Fool,Connie Francis,1960
"She's My Baby"" / ""Own True Self",Johnny O'Keefe,1960
"Swingin' School"" / ""Ding-A-Ling",Bobby Rydell,1960
Peter Gunn,Duane Eddy,1960
Walk Don't Run,The Ventures,1960
Beatnik Fly,Johnny and the Hurricanes,1960
"I Found a New Love"" / ""Defenceless",Lonnie Lee,1960
Running Bear,Johnny Preston,1960
Little Boy Lost,Johnny Ashcroft,1960
"Come on and Take My Hand"" / ""Don't You Know",Johnny O'Keefe,1960
"Stuck on You"" / ""Fame and Fortune",Elvis Presley,1960
What in the World's Come Over You,Jack Scott,1960
Please Don't Tease,Cliff Richard & The Shadows,1960
Cathy's Clown,Everly Brothers,1960
I'm Gonna Knock on Your Door,Eddie Hodges,1961
Runaway,Del Shannon,1961
Wooden Heart,Elvis Presley,1961
Hello Mary Lou,Ricky Nelson,1961
My Boomerang Won't Come Back,Charlie Drake,1961
A Scottish Soldier,Andy Stewart,1961
I'm Counting on You,Johnny O'Keefe,1961
Wonderland by Night,Bert Kaempfert and His Orchestra,1961
Theme from Exodus,Ferrante and Teicher,1961
"Crying"" / ""Candy Man",Roy Orbison,1961
Goodbye Cruel World,James Darren,1961
Rubber Ball,Bobby Vee,1961
Mexico,Bob Moore and His Orchestra,1961
Surrender,Elvis Presley,1961
One Last Kiss,Crash Craddock,1961
Wheels,The String-A-Longs,1961
Michael,The Highwaymen,1961
Take Good Care of My Baby,Bobby Vee,1961
"(Marie's the Name of) His Latest Flame"" / ""Little Sister",Elvis Presley,1961
"Baby Face"" / ""How Many Tears",Bobby Vee,1961
Sad Movies (Make Me Cry),Sue Thompson,1961
Sailor (Seeman),Lolita,1961
Together,Connie Francis,1961
Hit the Road Jack,Ray Charles,1961
Little Devil,Neil Sedaka,1961
"Working for the Man"" / ""Leah",Roy Orbison,1962
"Can't Help Falling in Love"" / ""Rock-A-Hula Baby",Elvis Presley,1962
"Good Luck Charm"" / ""Anything That's Part of You",Elvis Presley,1962
Roses Are Red (My Love),Bobby Vinton,1962
Multiplication,Bobby Darin,1962
The Lonely Bull,Herb Alpert and the Tijuana Brass,1962
I Can't Stop Loving You,Ray Charles,1962
Stranger on the Shore,Acker Bilk,1962
Telstar,The Tornados,1962
The Swiss Maid,Del Shannon,1962
Wolverton Mountain,Claude King,1962
Midnight in Moscow,Kenny Ball and His Jazzmen,1962
I Remember You,Frank Ifield,1962
I've Been Everywhere,Lucky Starr,1962
Sheila,Tommy Roe,1962
Alley Cat,Bent Fabric,1962
Dear One,Larry Finnegan,1962
Ramblin' Rose,Nat King Cole,1962
Let There Be Drums,Sandy Nelson,1962
West of the Wall,Toni Fisher,1962
"The Wanderer"" / ""The Majestic",Dion,1962
Limbo Rock,Chubby Checker,1962
The Cha-Cha-Cha,Bobby Rydell,1962
Do You Want to Dance,Cliff Richard,1962
Chip Chip,Gene McDaniels,1962
I Want To Hold Your Hand,The Beatles,1963
She Loves You,The Beatles,1963
Tamoure,Bill Justis,1963
From a Jack to a King,Ned Miller,1963
Pipeline,Chantays,1963
Hey Paula,Paul and Paula,1963
Sugar Shack,Jimmy Gilmer and the Fireballs,1963
I Will Follow Him,Little Peggy March,1963
Return to Sender,Elvis Presley,1963
"Move Baby Move"" / ""You'll Never Cherish a Love So True",Johnny O'Keefe,1963
55 Days At Peking,Rob E.G.,1963
Dance On,Kathy Kirby,1963
Bombora,The Atlantics,1963
In Dreams,Roy Orbison,1963
Big Girls Don't Cry,The Four Seasons,1963
You'll Never Walk Alone,Gerry & the Pacemakers,1963
Painted Tainted Rose,Al Martino,1963
The Boys,The Shadows,1963
Sukiyaki,Kyu Sakamoto,1963
"No Trespassing"" / ""Not Responsible",Helen Shapiro,1963
"Blue Bayou"" / ""Mean Woman Blues",Roy Orbison,1963
Surf City,Jan and Dean,1963
"Wipe Out"" / ""Surfer Joe",The Surfaris,1963
Secret Love,Kathy Kirby,1963
"Summer Holiday"" / ""Dancing Shoes",Cliff Richard,1963
"I Saw Her Standing There"" / ""Love Me Do",The Beatles,1964
"I Feel Fine"" / ""She's a Woman",The Beatles,1964
"Can't Buy Me Love"" / ""You Can't Do That",The Beatles,1964
"A Hard Day's Night"" / ""Things We Said Today",The Beatles,1964
All My Loving (EP),The Beatles,1964
"I Should Have Known Better"" / ""If I Fell",The Beatles,1964
Ain't That Loving You Baby,Elvis Presley,1964
Have I The Right?,The Honeycombs,1964
You're My World,Cilla Black,1964
"Oh, Pretty Woman",Roy Orbison,1964
"Roll Over Beethoven"" / ""Hold Me Tight",The Beatles,1964
My Guy,Mary Wells,1964
She's a Mod,Ray Columbus and the Invaders,1964
Requests (EP),The Beatles,1964
Viva Las Vegas,Elvis Presley,1964
My Boy Lollipop,Millie,1964
The House of the Rising Sun,The Animals,1964
Poison Ivy,Billy Thorpe,1964
Do Wah Diddy Diddy,Manfred Mann,1964
A World Without Love,Peter and Gordon,1964
Such a Night,Elvis Presley,1964
Glad All Over,Dave Clark Five,1964
Don't Talk to Him,Cliff Richard,1964
The Rise and Fall of Flingle Bunt,The Shadows,1964
"William Tell Overture"" / ""Maria",Sounds Incorporated,1964
"Que Sera, Sera"" / ""Shakin' All Over",Normie Rowe,1965
The Carnival is Over,The Seekers,1965
Help!,The Beatles,1965
"Rock and Roll Music"" / ""Honey Don't",The Beatles,1965
Crying in the Chapel,Elvis Presley,1965
I'll Never Find Another You,The Seekers,1965
The Wedding,Julie Rogers,1965
"Under the Boardwalk"" / ""Walking the Dog"" E",Rolling Stones,1965
"Mrs. Brown, You've Got a Lovely Daughter",Herman's Hermits,1965
Ticket to Ride,The Beatles,1965
Il Silenzio,Nini Rosso,1965
"I Told the Brook"" / ""Funny Face",Billy Thorpe and the Aztecs,1965
Tell Him I'm Not Home,Normie Rowe,1965
(I Can't Get No) Satisfaction,Rolling Stones,1965
"Yesterday"" / ""It's Only Love",The Beatles,1965
A World of Our Own,The Seekers,1965
"Pride"" / ""Say It Again",Ray Brown & The Whispers,1965
She's So Fine,The Easybeats,1965
Downtown,Petula Clark,1965
A Walk in the Black Forest,Horst Jankowski,1965
Sing C'est La Vie,Sonny and Cher,1965
I Got You Babe,Sonny and Cher,1965
Over the Rainbow,Billy Thorpe and the Aztecs,1965
"Fool, Fool, Fool",Ray Brown & The Whispers,1965
Get Off Of My Cloud,Rolling Stones,1965
These Boots Are Made for Walkin',Nancy Sinatra,1966
"We Can Work It Out"" / ""Day Tripper",The Beatles,1966
"Yellow Submarine"" / ""Eleanor Rigby",The Beatles,1966
Hitch Hiker,Bobby and Laurie,1966
Somewhere My Love,Ray Conniff and the Singers,1966
Lady Godiva,Peter and Gordon,1966
Ooh La La,Normie Rowe,1966
"Step Back"" / ""Cara Lyn",Johnny Young and Kompany,1966
Winchester Cathedral,The New Vaudeville Band,1966
Friday on My Mind,The Easybeats,1966
Strangers in the Night,Frank Sinatra,1966
"Paint It, Black",The Rolling Stones,1966
Good Vibrations,The Beach Boys,1966
Mama,B. J. Thomas,1966
"Nowhere Man"" / ""Norwegian Wood",The Beatles,1966
No Milk Today,Herman's Hermits,1966
Easyfever (EP),The Easybeats,1966
Let It Be Me,Johnny Young and Kompany,1966
Born Free,Matt Monro,1966
Wild Thing,The Troggs,1966
Sorry,The Easybeats,1966
Michelle,The Overlanders,1966
"As Tears Go By"" / ""19th Nervous Breakdown",The Rolling Stones,1966
Tar and Cement,Verdelle Smith,1966
Spicks and Specks,Bee Gees,1966
The Last Waltz,Engelbert Humperdinck,1967
This Is My Song,Petula Clark,1967
Snoopy Vs. The Red Baron,The Royal Guardsmen,1967
"Green, Green Grass of Home",Tom Jones,1967
"Penny Lane"" / ""Strawberry Fields Forever",The Beatles,1967
Somethin' Stupid,Nancy Sinatra & Frank Sinatra,1967
Georgy Girl,The Seekers,1967
"All You Need Is Love"" / ""Baby, You're a Rich Man",The Beatles,1967
A Whiter Shade of Pale,Procol Harum,1967
"I'm a Believer"" / ""(I'm Not Your) Stepping Stone",The Monkees,1967
It Must Be Him,Vikki Carr,1967
"Up, Up and Away",The 5th Dimension,1967
San Francisco (Be Sure to Wear Flowers in Your Hair),Scott McKenzie,1967
Massachusetts,Bee Gees,1967
Itchycoo Park,Small Faces,1967
Don't Sleep in the Subway,Petula Clark,1967
"Ruby Tuesday"" / ""Let's Spend the Night Together",The Rolling Stones,1967
Snoopy's Christmas,The Royal Guardsmen,1967
The Two of Us,Jackie Trent & Tony Hatch,1967
Release Me,Engelbert Humperdinck,1967
Puppet on a String,Sandie Shaw,1967
The Monkees vol 1 (EP),The Monkees,1967
When I Was Young,Eric Burdon and the Animals,1967
The Letter,The Box Tops,1967
Dedicated to the One I Love,The Mamas & the Papas,1967
"Hey Jude"" / ""Revolution",The Beatles,1968
Sadie (The Cleaning Lady),Johnny Farnham,1968
Love is Blue,Paul Mauriat,1968
Honey,Bobby Goldsboro,1968
The Unicorn,The Irish Rovers,1968
Those Were the Days,Mary Hopkin,1968
Little Arrows,Leapy Lee,1968
"The Orange and the Green"" / ""Whiskey on a Sunday",The Irish Rovers,1968
MacArthur Park (song),Richard Harris,1968
"Hello, Goodbye"" / ""I Am the Walrus",The Beatles,1968
This Guy's in Love with You,Herb Alpert and the Tijuana Brass,1968
Angel of the Morning,Merrilee Rush,1968
Harper Valley PTA,Jeannie C. Riley,1968
Judy in Disguise (With Glasses),John Fred and his Playboy Band,1968
Help Yourself,Tom Jones,1968
Lady Madonna,The Beatles,1968
Delilah,Tom Jones,1968
Dream a Little Dream of Me,Mama Cass with The Mamas & the Papas,1968
Love Child,Diana Ross and the Supremes,1968
Young Girl,Gary Puckett & The Union Gap,1968
Daydream Believer,The Monkees,1968
Hold Me Tight,Johnny Nash,1968
"The Good, the Bad and the Ugly",Hugo Montenegro,1968
Indian Lake,The Cowsills,1968
Do It Again,Beach Boys,1968
"Something"" / ""Come Together",The Beatles,1969
Honky Tonk Women,Rolling Stones,1969
"Ob-La-Di, Ob-La-Da"" / ""While My Guitar Gently Weeps",The Beatles,1969
The Real Thing,Russell Morris,1969
Suspicious Minds,Elvis Presley,1969
"Part Three into Paper Walls / ""The Girl That I Love",Russell Morris,1969
Penny Arcade,Roy Orbison,1969
Get Back / Don't Let Me Down,The Beatles,1969
Hair,The Cowsills,1969
Where Do You Go To (My Lovely),Peter Sarstedt,1969
In the Ghetto,Elvis Presley,1969
Eloise,Barry Ryan,1969
White Room,Cream,1969
The Ballad of John and Yoko,The Beatles,1969
The Star,Ross D. Wyllie,1969
I Started a Joke,Bee Gees,1969
Lily the Pink,The Scaffold,1969
One,Johnny Farnham,1969
Picking Up Pebbles,Matt Flinders,1969
Star Crossed Lovers,Neil Sedaka,1969
"If I Can Dream"" / ""Edge of Reality",Elvis Presley,1969
Build Me Up Buttercup,The Foundations,1969
My Sentimental Friend,Herman's Hermits,1969
Dizzy,Tommy Roe,1969
Going Up the Country,Canned Heat,1969
Let It Be,The Beatles,1970
(They Long to Be) Close to You,The Carpenters,1970
In The Summertime,The Mixtures,1970
Spirit in the Sky,Norman Greenbaum,1970
Bridge Over Troubled Water,Simon and Garfunkel,1970
"Lookin' Out My Back Door"" / ""Long As I Can See The Light",Creedence Clearwater Revival,1970
El Cóndor Pasa,Simon and Garfunkel,1970
"Up Around the Bend"" / ""Run Through The Jungle",Creedence Clearwater Revival,1970
Knock Knock Who's There,Liv Maessen,1970
Raindrops Keep Fallin' on My Head,Johnny Farnham,1970
Whole Lotta Love,Led Zeppelin,1970
Love Grows (Where My Rosemary Goes),Edison Lighthouse,1970
Cottonfields,Beach Boys,1970
"Travelin' Band"" / ""Who'll Stop The Rain",Creedence Clearwater Revival,1970
The Wonder of You,Elvis Presley,1970
In the Summertime,Mungo Jerry,1970
A Song of Joy,Miguel Ríos,1970
Spill the Wine,Eric Burdon and War,1970
Venus,Shocking Blue,1970
Old Man Emu,John Williamson,1970
Everything is Beautiful,Ray Stevens,1970
Lay Down (Candles in the Rain),Melanie,1970
Smiley,Ronnie Burns,1970
Two Little Boys,Rolf Harris,1970
I Thank You,Lionel Rose,1970
Eagle Rock,Daddy Cool,1971
My Sweet Lord,George Harrison,1971
The Pushbike Song,The Mixtures,1971
Daddy Cool,Drummond,1971
L.A. International Airport,Susan Raye,1971
I Don't Know How to Love Him,Helen Reddy,1971
Knock Three Times,Tony Orlando & Dawn,1971
Banks of the Ohio,Olivia Newton-John,1971
Rose Garden,Lynn Anderson,1971
Eleanor Rigby,Zoot,1971
Too Young to Be Married,The Hollies,1971
Love is a Beautiful Song,Dave Mills,1971
Maggie May,Rod Stewart,1971
I Think I Love You,The Partridge Family,1971
Band Of Gold,Freda Payne,1971
It's A Sin To Tell A Lie,Gerry Monroe,1971
Me and Bobby McGee,Janis Joplin,1971
I Did What I Did For Maria,Tony Christie,1971
Chirpy Chirpy Cheep Cheep,Lally Stott,1971
I Hear You Knockin',Dave Edmunds,1971
Another Day,Paul McCartney,1971
She's A Lady,Tom Jones,1971
Mozart: 1st Movement from Symphony No. 40,Waldo de Los Rios,1971
Mamy Blue,Joël Daydé,1971
Hot Love,T. Rex,1971
Puppy Love,Donny Osmond,1972
Without You,Nilsson,1972
Popcorn,Hot Butter,1972
American Pie,Don McLean,1972
Rangers Waltz,The Mom and Dads,1972
Boppin' the Blues,Blackfeather,1972
Daddy Don't You Walk So Fast,Wayne Newton,1972
The First Time Ever I Saw Your Face,Roberta Flack,1972
Cherish,David Cassidy,1972
Amazing Grace,The Pipes and Drums and the Military Band of the Royal Scots Dragoon Guards,1972
Brand New Key,Melanie,1972
Most People I Know Think That I'm Crazy,The Aztecs,1972
Alone Again (Naturally),Gilbert O'Sullivan,1972
Long Haired Lover from Liverpool,Little Jimmy Osmond,1972
Sylvia's Mother,Dr Hook,1972
Long Cool Woman in a Black Dress,The Hollies,1972
Ernie (The Fastest Milkman in the West),Benny Hill,1972
Breaking Up is Hard to Do,The Partridge Family,1972
Imagine,John Lennon,1972
Rock 'n' Roll (part 2),Gary Glitter,1972
Day By Day,Colleen Hewett,1972
A Horse with No Name,America,1972
Hurting Each Other,The Carpenters,1972
The Candy Man,Sammy Davis Jr.,1972
"Baby, Don't Get Hooked on Me",Mac Davis,1972
Tie a Yellow Ribbon Round the Ole Oak Tree,Tony Orlando and Dawn,1973
Never Never Never,Shirley Bassey,1973
You're So Vain,Carly Simon,1973
Heaven is My Woman's Love,Col Joye,1973
Crocodile Rock,Elton John,1973
Delta Dawn,Helen Reddy,1973
Can the Can,Suzi Quatro,1973
I'd Love You to Want Me,Lobo,1973
And I Love You So,Perry Como,1973
Daisy a Day,Jud Strunk,1973
Funny Face,Donna Fargo,1973
Ben,Michael Jackson,1973
I Am Woman,Helen Reddy,1973
Top of the World,The Carpenters,1973
I Don't Wanna Play House,Barbara Ray,1973
The Morning After,Maureen McGovern,1973
Killing Me Softly With His Song,Roberta Flack,1973
He Did With Me,Vicki Lawrence,1973
Angie,Rolling Stones,1973
Last Song,Edward Bear,1973
Monster Mash,Bobby (Boris) Pickett,1973
Rubber Bullets,10CC,1973
Dancin' (on a Saturday Night),Barry Blue,1973
My Love,Paul McCartney & Wings,1973
"Say, Has Anybody Seen My Sweet Gypsy Rose",Tony Orlando and Dawn,1973
My Coo Ca Choo,Alvin Stardust,1974
Billy Don't Be a Hero,Paper Lace,1974
Evie,Stevie Wright,1974
The Night Chicago Died,Paper Lace,1974
Seasons in the Sun,Terry Jacks,1974
Farewell Aunty Jack,Grahame Bond,1974
Can't Stop Myself From Loving You,William Shakespeare,1974
Leave Me Alone (Ruby Red Dress),Helen Reddy,1974
The Ballroom Blitz,Sweet,1974
I Honestly Love You,Olivia Newton-John,1974
The Lord's Prayer,Sister Janet Mead,1974
The Entertainer,Marvin Hamlisch,1974
Devil Gate Drive,Suzi Quatro,1974
I Am Pegasus,Ross Ryan,1974
(You're) Having My Baby,Paul Anka,1974
Sorrow,David Bowie,1974
The Streak,Ray Stevens,1974
She (Didn't Remember My Name),Osmosis,1974
I Love You Love Me Love,Gary Glitter,1974
Rock Your Baby,George McCrae,1974
Sugar Baby Love,The Rubettes,1974
Kung Fu Fighting,Carl Douglas,1974
48 Crash,Suzi Quatro,1974
Photograph,Ringo Starr,1974
Goodbye Yellow Brick Road,Elton John,1974
Fox on the Run,Sweet,1975
January,Pilot,1975
Mamma Mia,ABBA,1975
Summer Love,Sherbet,1975
Horror Movie,Skyhooks,1975
Love Will Keep Us Together,Captain and Tennille,1975
Please Mr. Postman,The Carpenters,1975
The Newcastle Song,Bob Hudson,1975
Before the Next Teardrop Falls,Freddy Fender,1975
Bony Moronie,Hush,1975
Paloma Blanca,George Baker Selection,1975
Bye Bye Baby,Bay City Rollers,1975
"I Do, I Do, I Do, I Do, I Do",ABBA,1975
My Little Angel,William Shakespeare,1975
Down Down,Status Quo,1975
Black Superman,Johnny Wakelin,1975
The Last Farewell,Roger Whittaker,1975
You're My World,Daryl Braithwaite,1975
Ego is not a Dirty Word,Skyhooks,1975
I Can Help,Billy Swan,1975
When Will I See You Again,The Three Degrees,1975
All My Friends Are Getting Married,Skyhooks,1975
Roll Over Lay Down,Status Quo,1975
Sailing,Rod Stewart,1975
Never Can Say Goodbye,Gloria Gaynor,1975
Fernando,ABBA,1976
Bohemian Rhapsody,Queen,1976
Dancing Queen,ABBA,1976
Howzat (song),Sherbet,1976
Don't Go Breaking My Heart,Elton John & Kiki Dee,1976
Jump In My Car,Ted Mulry,1976
Money Money Money,ABBA,1976
S-S-S-Single Bed,Fox,1976
Let's Stick Together,Bryan Ferry,1976
Convoy,C. W. McCall,1976
Tonight's the Night,Rod Stewart,1976
We Do It,R & J Stone,1976
Mississippi,Pussycat,1976
Rock Me,ABBA,1976
Slipping Away,Max Merritt & the Meteors,1976
SOS,ABBA,1976
Darktown Strutters Ball,Ted Mulry Gang,1976
I Hate the Music,John Paul Young,1976
Love Really Hurts Without You,Billy Ocean,1976
Jeans On,David Dundas,1976
If You Leave Me Now,Chicago,1976
"December, 1963 (Oh, What a Night)",The Four Seasons,1976
I Just Don't Know What to Do with Myself,Marcia Hines,1976
Lady Bump,Penny McLean,1976
Hold Me Close,David Essex,1976
Don't Cry for Me Argentina,Julie Covington,1977
The Way You Do It,Pussyfoot,1977
I Just Want to Be Your Everything,Andy Gibb,1977
That's Rock and Roll,Shaun Cassidy,1977
Living Next Door to Alice,Smokie,1977
I Go To Rio,Peter Allen,1977
Torn Between Two Lovers,Mary McGregor,1977
Walk Right In,Dr Hook,1977
You're Moving Out Today,Carole Bayer Sager,1977
If You Leave Me Now,Chicago,1977
Don't Give Up on Us,David Soul,1977
"Lido Shuffle"" / ""What Can I Say",Boz Scaggs,1977
You and Me,Alice Cooper,1977
Dance Little Lady Dance,Tina Charles,1977
When I Need You,Leo Sayer,1977
Don't Fall in Love,Ferrets,1977
I Feel Love,Donna Summer,1977
Help Is on Its Way,Little River Band,1977
You Gotta Get Up and Dance,Supercharge,1977
Mull of Kintyre,Wings,1977
Don't Leave Me This Way,Thelma Houston,1977
Ain't Gonna Bump No More (With No Big Fat Woman),Joe Tex,1977
You're in My Heart,Rod Stewart,1977
Ma Baker,Boney M,1977
Lucille,Kenny Rogers,1977
You're the One that I Want,Olivia Newton-John & John Travolta,1978
Mull of Kintyre,Wings,1978
Rivers of Babylon,Boney M,1978
Stayin' Alive,Bee Gees,1978
Black Is Black,La Belle Epoque,1978
Macho Man,Village People,1978
It's a Heartache,Bonnie Tyler,1978
Three Times a Lady,The Commodores,1978
You Took the Words Right Out of My Mouth,Meat Loaf,1978
Baker Street,Gerry Rafferty,1978
Wuthering Heights,Kate Bush,1978
Surfin' U.S.A.,Leif Garrett,1978
Emotion,Samantha Sang,1978
Are You Old Enough?,Dragon,1978
I Can't Stand the Rain,Eruption,1978
Oh Carol,Smokie,1978
How Deep Is Your Love,Bee Gees,1978
Grease,Frankie Valli,1978
Warm Ride,Graham Bonnet,1978
Isn't it Time,The Babys,1978
Ebony Eyes,Bob Welch,1978
Sometimes When We Touch,Dan Hill,1978
Love is in the Air,John Paul Young,1978
If I Had Words,Scott Fitzgerald & Yvonne Keeley,1978
Rasputin,Boney M,1978
Lay Your Love on Me,Racey,1979
I Was Made For Lovin' You,Kiss,1979
Heart of Glass,Blondie,1979
Some Girls,Racey,1979
Born to Be Alive,Patrick Hernandez,1979
I Don't Like Mondays,The Boomtown Rats,1979
Da Ya Think I'm Sexy?,Rod Stewart,1979
Le Freak,Chic,1979
Knock on Wood,Amii Stewart,1979
Pop Muzik,M,1979
My Sharona,The Knack,1979
Make Love to Me,Kelly Marie,1979
Up There Cazaly,The Two-Man Band,1979
Baby It's You,Promises,1979
YMCA,Village People,1979
Stumblin' In,Suzi Quatro & Chris Norman,1979
Hot Stuff,Donna Summer,1979
Video Killed the Radio Star,The Buggles,1979
Computer Games,Mi-Sex,1979
Bright Eyes,Art Garfunkel,1979
Lucky Number,Lene Lovich,1979
C'mon Aussie C'mon,The Mojo Singers,1979
On the Inside,Lynne Hamilton,1979
We Don't Talk Anymore,Cliff Richard,1979
I Will Survive,Gloria Gaynor,1979
I Got You,Split Enz,1980
Turning Japanese,The Vapors,1980
Crazy Little Thing Called Love,Queen,1980
Another Brick in the Wall part 2,Pink Floyd,1980
Brass in Pocket,The Pretenders,1980
Can't Stop the Music,Village People,1980
Space Invaders,Player One,1980
More Than I Can Say,Leo Sayer,1980
Funkytown,Lipps Inc.,1980
Please Don't Go,KC and the Sunshine Band,1980
Tired of Toein' the Line,Rocky Burnette,1980
Don't Stop til You Get Enough,Michael Jackson,1980
What I Like About You,The Romantics,1980
Dreaming My Dreams With You,Colleen Hewett,1980
Upside Down,Diana Ross,1980
Moscow,Dschinghis Khan,1980
You've Lost That Lovin' Feelin',Long John Baldry & Kathi McDonald,1980
He's My Number One,Christie Allen,1980
Call Me,Blondie,1980
Babooshka,Kate Bush,1980
Woman in Love,Barbra Streisand,1980
Coming Up,Paul McCartney,1980
Shandi,Kiss,1980
Blame It on the Boogie,The Jacksons,1980
Ashes to Ashes,David Bowie,1980
Counting the Beat,The Swingers,1981
Stars on 45,Stars on 45,1981
Antmusic,Adam and the Ants,1981
Jealous Guy,Roxy Music,1981
Devo Live (EP),Devo,1981
Bette Davis Eyes,Kim Carnes,1981
Nine to Five (Morning Train),Sheena Easton,1981
Endless Love,Diana Ross & Lionel Richie,1981
Who Can It Be Now?,Men at Work,1981
Kids in America,Kim Wilde,1981
This Ole House,Shakin' Stevens,1981
Turn Me Loose,Loverboy,1981
Start Me Up,The Rolling Stones,1981
You Weren't in Love with Me,Billy Field,1981
Jessie's Girl,Rick Springfield,1981
Duncan,Slim Dusty,1981
Girls Can Get It,Dr Hook,1981
(Just Like) Starting Over,John Lennon,1981
You Drive Me Crazy,Shakin' Stevens,1981
Keep on Loving You,REO Speedwagon,1981
Louise (We Get It Right),Jona Lewie,1981
Gotta Pull Myself Together,The Nolans,1981
In the Air Tonight,Phil Collins,1981
Precious to Me,Phil Seymour,1981
Jesse,Carly Simon,1981
Eye of the Tiger,Survivor,1982
What About Me,Moving Pictures,1982
Tainted Love,Soft Cell,1982
Centerfold,The J. Geils Band,1982
Key Largo,Bertie Higgins,1982
Mickey,Toni Basil,1982
I Love Rock 'n' Roll,Joan Jett and the Blackhearts,1982
Trouble,Lindsey Buckingham,1982
Believe it or Not,Joey Scarbury,1982
Hard to Say I'm Sorry,Chicago,1982
I've Never Been to Me,Charlene,1982
Come On Eileen,Dexys Midnight Runners,1982
Abracadabra,Steve Miller Band,1982
If You Want My Love,Cheap Trick,1982
I Ran (So Far Away),A Flock of Seagulls,1982
Hurts So Good,John Cougar,1982
Our Lips Are Sealed,The Go-Go's,1982
Six Months in a Leaky Boat,Split Enz,1982
Shy Boy,Bananarama,1982
Ebony and Ivory,Paul McCartney & Stevie Wonder,1982
Waiting for a Girl Like You,Foreigner,1982
The Other Woman,Ray Parker Jr.,1982
Young Turks,Rod Stewart,1982
Down Under,Men at Work,1982
You Should Hear How She Talks About You,Melissa Manchester,1982
Australiana,Austen Tayshus,1983
Flashdance... What a Feeling,Irene Cara,1983
Gloria,Laura Branigan,1983
Billie Jean,Michael Jackson,1983
Up Where We Belong,Joe Cocker & Jennifer Warnes,1983
Total Eclipse of the Heart,Bonnie Tyler,1983
Save Your Love,Renee and Renato,1983
Karma Chameleon,Culture Club,1983
Beat It,Michael Jackson,1983
Every Breath You Take,The Police,1983
Bop Girl,Pat Wilson,1983
Reckless,Australian Crawl,1983
I Was Only 19,Redgum,1983
Twisting by the Pool,Dire Straits,1983
Rain,Dragon,1983
1999,Prince,1983
Give it Up,KC and the Sunshine Band,1983
Heartbreaker,Dionne Warwick,1983
I'm Still Standing,Elton John,1983
Electric Avenue,Eddy Grant,1983
You Can't Hurry Love,Phil Collins,1983
Do You Really Want to Hurt Me,Culture Club,1983
Safety Dance,Men Without Hats,1983
Let's Dance,David Bowie,1983
Africa,Toto,1983
Dancing in the Dark,Bruce Springsteen,1984
It's Just Not Cricket,The Twelfth Man,1984
Ghostbusters,Ray Parker Jr,1984
Careless Whisper,George Michael,1984
Wake Me Up Before You Go-Go,Wham!,1984
I Just Called to Say I Love You,Stevie Wonder,1984
Footloose,Kenny Loggins,1984
Hello,Lionel Richie,1984
Girls Just Want to Have Fun,Cyndi Lauper,1984
Islands in the Stream,Kenny Rogers & Dolly Parton,1984
Love Is a Battlefield,Pat Benatar,1984
Original Sin,INXS,1984
Come Said the Boy,Mondo Rock,1984
When Doves Cry,Prince,1984
Heaven (Must Be There),Eurogliders,1984
Relax,Frankie Goes to Hollywood,1984
Thriller,Michael Jackson,1984
99 Luftballons,Nena,1984
Calling Your Name,Marilyn,1984
Two Tribes,Frankie Goes to Hollywood,1984
Against All Odds,Phil Collins,1984
What's Love Got to Do with It,Tina Turner,1984
All Night Long (All Night),Lionel Richie,1984
I Can Dream About You,Dan Hartman,1984
Burn for You,INXS,1984
We Are the World,USA for Africa,1985
"Angel"" / ""Into the Groove",Madonna,1985
Crazy for You,Madonna,1985
Live it Up,Mental As Anything,1985
I Want to Know What Love Is,Foreigner,1985
"Out of Mind, Out of Sight",Models,1985
Money for Nothing,Dire Straits,1985
I Got You Babe,UB40 with Chrissie Hynde,1985
I Should Have Known Better (Jim Diamond song),Jim Diamond,1985
Would I Lie To You?,Eurythmics,1985
Dancing in the Street,David Bowie & Mick Jagger,1985
Take On Me,a-ha,1985
You Spin Me Round (Like a Record),Dead or Alive,1985
Shout,Tears For Fears,1985
One Night in Bangkok,Murray Head,1985
Born in the U.S.A.,Bruce Springsteen,1985
Neutron Dance,Pointer Sisters,1985
What You Need,INXS,1985
Do They Know It's Christmas,Band Aid,1985
We Don't Need Another Hero,Tina Turner,1985
Walking on Sunshine,Katrina and the Waves,1985
The Heat Is On,Glenn Frey,1985
The Power of Love,Jennifer Rush,1985
The Power of Love,Huey Lewis and the News,1985
Like a Virgin,Madonna,1985
Chain Reaction,Diana Ross,1986
"When the Going Gets Tough, the Tough Get Going",Billy Ocean,1986
Touch Me (I Want Your Body),Samantha Fox,1986
Venus,Bananarama,1986
Stimulation,Wa Wa Nee,1986
Take My Breath Away,Berlin,1986
Living Doll,Cliff Richard & The Young Ones,1986
A Good Heart,Feargal Sharkey,1986
Papa Don't Preach,Madonna,1986
Addicted to Love,Robert Palmer,1986
We Built This City,Starship,1986
That's What Friends are For,Dionne Warwick,1986
Stuck with You,Huey Lewis and the News,1986
You're the Voice,John Farnham,1986
Dancing on the Ceiling,Lionel Richie,1986
Manic Monday,The Bangles,1986
Don't Leave Me This Way,The Communards,1986
A Matter of Trust,Billy Joel,1986
True Colours,Cyndi Lauper,1986
Hit That Perfect Beat,Bronski Beat,1986
You Can Call Me Al,Paul Simon,1986
How Will I Know,Whitney Houston,1986
Concrete and Clay,Martin Plaza,1986
Lady in Red,Chris de Burgh,1986
Kiss,Prince & the Revolution,1986
Locomotion,Kylie Minogue,1987
La Bamba,Los Lobos,1987
Old Time Rock and Roll,Bob Seger,1987
Slice of Heaven,Dave Dobbyn with Herbs,1987
Respectable,Mel and Kim,1987
You Keep Me Hangin' On,Kim Wilde,1987
Walk Like an Egyptian,The Bangles,1987
Electric Blue,Icehouse,1987
Boom Boom (Let's Go Back to My Room),Paul Lekakis,1987
The Final Countdown,Europe,1987
I Wanna Dance With Somebody (Who Loves Me),Whitney Houston,1987
Nothing's Gonna Stop Us Now,Starship,1987
Suddenly,Angry Anderson,1987
He's Gonna Step on You Again,The Party Boys,1987
I Wanna Wake Up With You,Boris Gardiner,1987
Pressure Down,John Farnham,1987
Livin' on a Prayer,Bon Jovi,1987
Crazy,Icehouse,1987
Funkytown,Pseudo Echo,1987
I Knew You Were Waiting (For Me),Aretha Franklin & George Michael,1987
Beds Are Burning,Midnight Oil,1987
Bad,Michael Jackson,1987
Good Times,INXS With Jimmy Barnes,1987
Star Trekkin',The Firm,1987
What's My Scene,Hoodoo Gurus,1987
